{
  "dataSources" : [
   {
      "spec" : {
        "dataSchema" : {
          "dataSource" : "energy",
          "parser" : {
            "type" : "string",
            "parseSpec" : {
              "dimensionsSpec" : {
                "dimensions" : ["type"]
              },
              "timestampSpec" : {
                "column" : "datetime",
                "format" : "auto"
              },
              "format" : "json"
            }
          },
          "granularitySpec" : {
            "type" : "uniform",
            "segmentGranularity" : "hour",
            "queryGranularity" : "none",
            "rollup":true
          },
          "metricsSpec" : [
          {
              "name" : "data",
              "type" : "doubleMax",
              "fieldName" : "data"
            }

          ] 
        },
        "ioConfig" : {
          "type" : "realtime"
        },
        "tuningConfig" : {
          "type" : "realtime",
          "maxRowsInMemory" : "50000",
          "intermediatePersistPeriod" : "PT10M",
          "windowPeriod" : "PT10M"
        }
      },
      "properties" : {
        "task.partitions" : "1",
        "task.replicants" : "1"
      }
    },
    {
      "spec" : {
        "dataSchema" : {
          "dataSource" : "dataTest",
          "parser" : {
            "type" : "string",
            "parseSpec" : {
              "dimensionsSpec" : {
                "dimensions" : ["serverId","deviceId","type", "event"]
              },
              "timestampSpec" : {
                "column" : "datetime",
                "format" : "auto"
              },
              "format" : "json"
            }
          },
          "granularitySpec" : {
            "type" : "uniform",
            "segmentGranularity" : "hour",
            "queryGranularity" : "none",
            "rollup":false
          },
          "metricsSpec" : [
          {
              "fieldName":"data",
              "name" : "data",
              "type" : "doubleSum"
            }

          ] 
        },
        "ioConfig" : {
          "type" : "realtime"
        },
        "tuningConfig" : {
          "type" : "realtime",
          "maxRowsInMemory" : "50000",
          "intermediatePersistPeriod" : "PT10M",
          "windowPeriod" : "PT10M"
        }
      },
      "properties" : {
        "task.partitions" : "1",
        "task.replicants" : "1"
      }
    },
    {
      "spec" : {
        "dataSchema" : {
          "dataSource" : "offline",
          "parser" : {
            "type" : "string",
            "parseSpec" : {
              "dimensionsSpec" : {
                "dimensions" : ["type"]
              },
              "timestampSpec" : {
                "column" : "datetime",
                "format" : "auto"
              },
              "format" : "json"
            }
          },
          "granularitySpec" : {
            "type" : "uniform",
            "segmentGranularity" : "hour",
            "queryGranularity" : "none",
            "rollup":true
          },
          "metricsSpec" : [
          {
              "name" : "data",
              "type" : "doubleMax",
              "fieldName" : "data"
            }

          ] 
        },
        "ioConfig" : {
          "type" : "realtime"
        },
        "tuningConfig" : {
          "type" : "realtime",
          "maxRowsInMemory" : "50000",
          "intermediatePersistPeriod" : "PT10M",
          "windowPeriod" : "PT10M"
        }
      },
      "properties" : {
        "task.partitions" : "1",
        "task.replicants" : "1"
      }
    }
  ],
  "properties" : {
    "zookeeper.connect" : "localhost",
    "druid.discovery.curator.path" : "/druid/discovery",
    "druid.selectors.indexing.serviceName" : "druid/overlord",
    "http.port" : "8200",
    "http.threads" : "40",
    "serialization.format" : "json",
    "druidBeam.taskLocator": "overlord",
  }
}
