{
    "dashboards": [
        {
            "__Dashboard__": {
                "dashboard_title": "02.\u79bb\u7ebf\u8bbe\u5907\u76d1\u63a7", 
                "slug": null, 
                "json_metadata": "{\"timed_refresh_immune_slices\": [], \"expanded_slices\": {}, \"filter_immune_slice_fields\": {}, \"filter_immune_slices\": [], \"remote_id\": 2, \"default_filters\": \"{}\"}", 
                "description": null, 
                "slices": [
                    {
                        "__Slice__": {
                            "created_by_fk": 1, 
                            "datasource_id": 2, 
                            "description": null, 
                            "slice_name": "\u8bbe\u5907\u79bb\u7ebf\u8be6\u60c5\u8868", 
                            "viz_type": "iframe", 
                            "perm": "[cluster].[dataInfo](id:2)", 
                            "id": 13, 
                            "created_on": {
                                "__datetime__": "2018-05-16T16:26:38"
                            }, 
                            "params": "{\"url_params\": {}, \"remote_id\": 13, \"slice_id\": 13, \"viz_type\": \"iframe\", \"url\": \"http://47.93.21.73:18080/monitor/offlinetable\", \"having_filters\": [], \"database_name\": \"druid\", \"since\": \"7 days ago\", \"druid_time_origin\": null, \"datasource\": \"2__druid\", \"filters\": [], \"granularity\": \"one day\", \"datasource_name\": \"dataInfo\", \"until\": \"now\", \"schema\": \"dataInfo\"}", 
                            "changed_by_fk": 1, 
                            "datasource_name": "dataInfo", 
                            "cache_timeout": null, 
                            "datasource_type": "druid", 
                            "changed_on": {
                                "__datetime__": "2018-05-17T10:52:21"
                            }
                        }
                    }, 
                    {
                        "__Slice__": {
                            "created_by_fk": 1, 
                            "datasource_id": 4, 
                            "description": "", 
                            "slice_name": "\u8fd1\u4e03\u5929\u8bbe\u5907\u79bb\u7ebf\u7387", 
                            "viz_type": "line", 
                            "perm": "[cluster].[offline](id:4)", 
                            "id": 7, 
                            "created_on": {
                                "__datetime__": "2018-05-07T14:27:58"
                            }, 
                            "params": "{\"url_params\": {}, \"bottom_margin\": \"auto\", \"y_axis_label\": \"\\u79bb\\u7ebf\\u7387\", \"resample_fillmethod\": null, \"show_brush\": \"auto\", \"line_interpolation\": \"linear\", \"annotation_layers\": [], \"show_legend\": true, \"filters\": [], \"database_name\": \"druid\", \"x_axis_label\": \"\\u65f6\\u95f4\", \"rolling_type\": \"None\", \"viz_type\": \"line\", \"show_markers\": false, \"having_filters\": [], \"order_desc\": true, \"since\": \"7 days ago\", \"rich_tooltip\": true, \"time_compare\": null, \"color_scheme\": \"d3Category10\", \"until\": \"now\", \"schema\": \"offline\", \"y_axis_showminmax\": true, \"resample_rule\": null, \"period_ratio_type\": \"growth\", \"y_axis_format\": \".3%\", \"x_axis_showminmax\": true, \"metrics\": [\"offline__rate\"], \"granularity\": \"one day\", \"remote_id\": 7, \"left_margin\": \"auto\", \"y_axis_bounds\": [null, null], \"timeseries_limit_metric\": null, \"slice_id\": 7, \"num_period_compare\": \"\", \"groupby\": [], \"druid_time_origin\": null, \"y_log_scale\": false, \"datasource\": \"4__druid\", \"x_axis_format\": \"%Y-%m-%d\", \"datasource_name\": \"offline\", \"contribution\": false, \"resample_how\": null}", 
                            "changed_by_fk": 1, 
                            "datasource_name": "offline", 
                            "cache_timeout": null, 
                            "datasource_type": "druid", 
                            "changed_on": {
                                "__datetime__": "2018-05-17T10:52:21"
                            }
                        }
                    }, 
                    {
                        "__Slice__": {
                            "created_by_fk": 1, 
                            "datasource_id": 1, 
                            "description": null, 
                            "slice_name": "\u79bb\u7ebf\u8bbe\u5907\u5206\u5e03", 
                            "viz_type": "treemap", 
                            "perm": "[mysql].[device_info](id:1)", 
                            "id": 14, 
                            "created_on": {
                                "__datetime__": "2018-05-17T08:23:41"
                            }, 
                            "params": "{\"url_params\": {}, \"remote_id\": 14, \"viz_type\": \"treemap\", \"time_grain_sqla\": null, \"until\": \"now\", \"since\": \"7 days ago\", \"treemap_ratio\": 1.618033988749895, \"metrics\": [\"count\"], \"groupby\": [\"city\", \"district\", \"community\"], \"database_name\": \"mysql\", \"datasource\": \"1__table\", \"filters\": [{\"col\": \"deviceState\", \"val\": \"0\", \"op\": \"==\"}], \"datasource_name\": \"device_info\", \"color_scheme\": \"bnbColors\", \"granularity_sqla\": null, \"where\": \"\", \"having\": \"\", \"number_format\": \".3s\", \"schema\": \"device_info\"}", 
                            "changed_by_fk": 1, 
                            "datasource_name": "device_info", 
                            "cache_timeout": null, 
                            "datasource_type": "table", 
                            "changed_on": {
                                "__datetime__": "2018-05-17T10:52:21"
                            }
                        }
                    }, 
                    {
                        "__Slice__": {
                            "created_by_fk": 1, 
                            "datasource_id": 1, 
                            "description": "", 
                            "slice_name": "\u6284\u8868\u5931\u8d25\u6570\u91cf", 
                            "viz_type": "big_number_total", 
                            "perm": "[mysql].[device_info](id:1)", 
                            "id": 15, 
                            "created_on": {
                                "__datetime__": "2018-05-17T08:41:58"
                            }, 
                            "params": "{\"url_params\": {}, \"remote_id\": 15, \"viz_type\": \"big_number_total\", \"slice_id\": 15, \"having_filters\": [], \"y_axis_format\": \".1s\", \"since\": \"1 years ago\", \"having\": \"\", \"druid_time_origin\": null, \"where\": \"\", \"datasource\": \"1__table\", \"filters\": [{\"col\": \"readState\", \"val\": \"1\", \"op\": \"==\"}], \"granularity\": \"all\", \"datasource_name\": \"device_info\", \"database_name\": \"mysql\", \"granularity_sqla\": null, \"schema\": \"device_info\", \"time_grain_sqla\": null, \"metric\": \"count\", \"until\": \"now\"}", 
                            "changed_by_fk": 1, 
                            "datasource_name": "device_info", 
                            "cache_timeout": null, 
                            "datasource_type": "table", 
                            "changed_on": {
                                "__datetime__": "2018-05-17T10:52:21"
                            }
                        }
                    }, 
                    {
                        "__Slice__": {
                            "created_by_fk": 1, 
                            "datasource_id": 1, 
                            "description": null, 
                            "slice_name": "SIM\u5361\u6b20\u8d39\u6570\u91cf", 
                            "viz_type": "big_number_total", 
                            "perm": "[mysql].[device_info](id:1)", 
                            "id": 16, 
                            "created_on": {
                                "__datetime__": "2018-05-17T08:56:03"
                            }, 
                            "params": "{\"url_params\": {}, \"remote_id\": 16, \"until\": \"now\", \"viz_type\": \"big_number_total\", \"having_filters\": [], \"y_axis_format\": \".1s\", \"since\": \"1 years ago\", \"having\": \"\", \"druid_time_origin\": null, \"where\": \"\", \"datasource\": \"1__table\", \"filters\": [{\"col\": \"simState\", \"val\": \"0\", \"op\": \"==\"}], \"granularity\": \"all\", \"datasource_name\": \"device_info\", \"database_name\": \"mysql\", \"granularity_sqla\": null, \"time_grain_sqla\": null, \"metric\": \"count\", \"schema\": \"device_info\"}", 
                            "changed_by_fk": 1, 
                            "datasource_name": "device_info", 
                            "cache_timeout": null, 
                            "datasource_type": "table", 
                            "changed_on": {
                                "__datetime__": "2018-05-17T10:52:21"
                            }
                        }
                    }, 
                    {
                        "__Slice__": {
                            "created_by_fk": 1, 
                            "datasource_id": 1, 
                            "description": null, 
                            "slice_name": "\u8bbe\u5907\u79bb\u7ebf\u6570\u91cf", 
                            "viz_type": "big_number_total", 
                            "perm": "[mysql].[device_info](id:1)", 
                            "id": 17, 
                            "created_on": {
                                "__datetime__": "2018-05-17T08:56:39"
                            }, 
                            "params": "{\"url_params\": {}, \"remote_id\": 17, \"until\": \"now\", \"viz_type\": \"big_number_total\", \"having_filters\": [], \"y_axis_format\": \".1s\", \"since\": \"1 years ago\", \"having\": \"\", \"druid_time_origin\": null, \"where\": \"\", \"datasource\": \"1__table\", \"filters\": [{\"col\": \"deviceState\", \"val\": \"0\", \"op\": \"==\"}], \"granularity\": \"all\", \"datasource_name\": \"device_info\", \"database_name\": \"mysql\", \"granularity_sqla\": null, \"time_grain_sqla\": null, \"metric\": \"count\", \"schema\": \"device_info\"}", 
                            "changed_by_fk": 1, 
                            "datasource_name": "device_info", 
                            "cache_timeout": null, 
                            "datasource_type": "table", 
                            "changed_on": {
                                "__datetime__": "2018-05-17T10:52:21"
                            }
                        }
                    }, 
                    {
                        "__Slice__": {
                            "created_by_fk": 1, 
                            "datasource_id": 1, 
                            "description": null, 
                            "slice_name": "\u9600\u95e8\u5173\u95ed\u6570\u91cf", 
                            "viz_type": "big_number_total", 
                            "perm": "[mysql].[device_info](id:1)", 
                            "id": 18, 
                            "created_on": {
                                "__datetime__": "2018-05-17T09:01:56"
                            }, 
                            "params": "{\"url_params\": {}, \"remote_id\": 18, \"until\": \"now\", \"viz_type\": \"big_number_total\", \"having_filters\": [], \"y_axis_format\": \".1s\", \"since\": \"1 years ago\", \"having\": \"\", \"druid_time_origin\": null, \"where\": \"\", \"datasource\": \"1__table\", \"filters\": [{\"col\": \"valveState\", \"val\": \"0\", \"op\": \"==\"}], \"granularity\": \"all\", \"datasource_name\": \"device_info\", \"database_name\": \"mysql\", \"granularity_sqla\": null, \"time_grain_sqla\": null, \"metric\": \"count\", \"schema\": \"device_info\"}", 
                            "changed_by_fk": 1, 
                            "datasource_name": "device_info", 
                            "cache_timeout": null, 
                            "datasource_type": "table", 
                            "changed_on": {
                                "__datetime__": "2018-05-17T10:52:21"
                            }
                        }
                    }, 
                    {
                        "__Slice__": {
                            "created_by_fk": 1, 
                            "datasource_id": 1, 
                            "description": null, 
                            "slice_name": "\u79bb\u7ebf\u8bbe\u5907\u8be6\u60c5\u5217\u8868\u603b", 
                            "viz_type": "table", 
                            "perm": "[mysql].[device_info](id:1)", 
                            "id": 19, 
                            "created_on": {
                                "__datetime__": "2018-05-17T09:25:33"
                            }, 
                            "params": "{\"url_params\": {}, \"remote_id\": 19, \"include_time\": false, \"row_limit\": 10000, \"metric\": \"count\", \"table_filter\": true, \"filters\": [{\"col\": \"deviceState\", \"val\": \"0\", \"op\": \"==\"}], \"granularity_sqla\": null, \"page_length\": 0, \"all_columns\": [\"project\", \"province\", \"city\", \"district\", \"community\", \"address\", \"readState\", \"valveState\", \"simState\", \"dataUsed\", \"deviceId\", \"gatewayId\", \"simId\", \"updateTime\"], \"viz_type\": \"table\", \"having_filters\": [], \"order_desc\": true, \"since\": \"1 years ago\", \"until\": \"now\", \"schema\": \"device_info\", \"y_axis_format\": \".1s\", \"metrics\": [], \"granularity\": \"all\", \"include_search\": true, \"timeseries_limit_metric\": null, \"time_grain_sqla\": null, \"database_name\": \"mysql\", \"order_by_cols\": [\"[\\\"updateTime\\\", false]\"], \"color_pn\": true, \"having\": \"\", \"druid_time_origin\": null, \"align_pn\": true, \"datasource\": \"1__table\", \"table_timestamp_format\": \"%Y-%m-%d %H:%M:%S\", \"datasource_name\": \"device_info\", \"where\": \"\", \"groupby\": []}", 
                            "changed_by_fk": 1, 
                            "datasource_name": "device_info", 
                            "cache_timeout": null, 
                            "datasource_type": "table", 
                            "changed_on": {
                                "__datetime__": "2018-05-17T10:52:21"
                            }
                        }
                    }
                ], 
                "position_json": "[\n    {\n        \"col\": 1, \n        \"row\": 46, \n        \"size_x\": 16, \n        \"size_y\": 14, \n        \"slice_id\": \"7\"\n    }, \n    {\n        \"col\": 1, \n        \"row\": 60, \n        \"size_x\": 48, \n        \"size_y\": 21, \n        \"slice_id\": \"13\"\n    }, \n    {\n        \"col\": 17, \n        \"row\": 46, \n        \"size_x\": 18, \n        \"size_y\": 14, \n        \"slice_id\": \"14\"\n    }, \n    {\n        \"col\": 37, \n        \"row\": 46, \n        \"size_x\": 5, \n        \"size_y\": 6, \n        \"slice_id\": \"15\"\n    }, \n    {\n        \"col\": 43, \n        \"row\": 46, \n        \"size_x\": 5, \n        \"size_y\": 6, \n        \"slice_id\": \"16\"\n    }, \n    {\n        \"col\": 37, \n        \"row\": 52, \n        \"size_x\": 5, \n        \"size_y\": 6, \n        \"slice_id\": \"17\"\n    }, \n    {\n        \"col\": 43, \n        \"row\": 52, \n        \"size_x\": 5, \n        \"size_y\": 6, \n        \"slice_id\": \"18\"\n    }, \n    {\n        \"col\": 1, \n        \"row\": 0, \n        \"size_x\": 48, \n        \"size_y\": 11, \n        \"slice_id\": \"19\"\n    }\n]", 
                "created_on": {
                    "__datetime__": "2018-05-16T15:54:42"
                }, 
                "changed_on": {
                    "__datetime__": "2018-05-17T09:27:55"
                }, 
                "changed_by_fk": 1, 
                "created_by_fk": 1, 
                "id": 2, 
                "css": ""
            }
        }, 
        {
            "__Dashboard__": {
                "dashboard_title": "01.\u8bbe\u5907\u6570\u636e\u7edf\u8ba1", 
                "slug": null, 
                "json_metadata": "{\"timed_refresh_immune_slices\": [], \"expanded_slices\": {}, \"filter_immune_slice_fields\": {}, \"filter_immune_slices\": [], \"remote_id\": 3, \"default_filters\": \"{}\"}", 
                "description": null, 
                "slices": [
                    {
                        "__Slice__": {
                            "created_by_fk": 1, 
                            "datasource_id": 2, 
                            "description": "", 
                            "slice_name": "\u5404\u7c7b\u578b\u8bbe\u5907\u6570\u91cf\u73af\u56fe", 
                            "viz_type": "pie", 
                            "perm": "[cluster].[dataInfo](id:2)", 
                            "id": 5, 
                            "created_on": {
                                "__datetime__": "2018-05-02T09:44:34"
                            }, 
                            "params": "{\"url_params\": {}, \"remote_id\": 5, \"include_time\": false, \"row_limit\": 10000, \"table_filter\": false, \"show_legend\": true, \"filters\": [{\"col\": \"type\", \"val\": [\"10\", \"11\", \"12\", \"13\", \"14\"], \"op\": \"not in\"}, {\"col\": \"event\", \"val\": \"data\", \"op\": \"==\"}], \"page_length\": 0, \"all_columns\": [], \"viz_type\": \"pie\", \"having_filters\": [], \"order_desc\": true, \"since\": \"7 days ago\", \"color_scheme\": \"d3Category10\", \"until\": \"now\", \"pie_label_type\": \"value\", \"schema\": \"dataInfo\", \"metrics\": [\"count_distinct__deviceId\"], \"labels_outside\": false, \"granularity\": \"one day\", \"include_search\": false, \"timeseries_limit_metric\": null, \"slice_id\": 5, \"database_name\": \"druid\", \"order_by_cols\": [], \"color_pn\": true, \"druid_time_origin\": null, \"donut\": true, \"align_pn\": false, \"datasource\": \"2__druid\", \"table_timestamp_format\": \"%Y-%m-%d %H:%M:%S\", \"datasource_name\": \"dataInfo\", \"groupby\": [\"type\"]}", 
                            "changed_by_fk": 1, 
                            "datasource_name": "dataInfo", 
                            "cache_timeout": null, 
                            "datasource_type": "druid", 
                            "changed_on": {
                                "__datetime__": "2018-05-17T10:52:21"
                            }
                        }
                    }, 
                    {
                        "__Slice__": {
                            "created_by_fk": 1, 
                            "datasource_id": 1, 
                            "description": null, 
                            "slice_name": "\u8bbe\u5907\u603b\u91cf", 
                            "viz_type": "big_number_total", 
                            "perm": "[mysql].[device_info](id:1)", 
                            "id": 8, 
                            "created_on": {
                                "__datetime__": "2018-05-07T14:37:41"
                            }, 
                            "params": "{\"url_params\": {}, \"remote_id\": 8, \"viz_type\": \"big_number_total\", \"slice_id\": 8, \"having_filters\": [], \"metric\": \"count\", \"since\": \"1 years ago\", \"until\": \"now\", \"druid_time_origin\": null, \"where\": \"\", \"y_axis_format\": \".4r\", \"datasource\": \"1__table\", \"filters\": [], \"granularity\": \"all\", \"datasource_name\": \"device_info\", \"database_name\": \"mysql\", \"granularity_sqla\": null, \"time_grain_sqla\": null, \"having\": \"\", \"schema\": \"device_info\"}", 
                            "changed_by_fk": 1, 
                            "datasource_name": "device_info", 
                            "cache_timeout": null, 
                            "datasource_type": "table", 
                            "changed_on": {
                                "__datetime__": "2018-05-17T10:52:21"
                            }
                        }
                    }, 
                    {
                        "__Slice__": {
                            "created_by_fk": 1, 
                            "datasource_id": 2, 
                            "description": "", 
                            "slice_name": "\u5468\u65b0\u589e\u6570\u636e\u91cf", 
                            "viz_type": "big_number", 
                            "perm": "[cluster].[dataInfo](id:2)", 
                            "id": 9, 
                            "created_on": {
                                "__datetime__": "2018-05-08T17:57:27"
                            }, 
                            "params": "{\"url_params\": {}, \"remote_id\": 9, \"viz_type\": \"big_number\", \"slice_id\": 9, \"having_filters\": [], \"y_axis_format\": \".3s\", \"since\": \"1 years ago\", \"until\": \"now\", \"druid_time_origin\": null, \"datasource\": \"2__druid\", \"filters\": [], \"granularity\": \"week\", \"datasource_name\": \"dataInfo\", \"database_name\": \"druid\", \"metric\": \"count\", \"schema\": \"dataInfo\"}", 
                            "changed_by_fk": 1, 
                            "datasource_name": "dataInfo", 
                            "cache_timeout": null, 
                            "datasource_type": "druid", 
                            "changed_on": {
                                "__datetime__": "2018-05-17T10:52:21"
                            }
                        }
                    }, 
                    {
                        "__Slice__": {
                            "created_by_fk": 1, 
                            "datasource_id": 1, 
                            "description": null, 
                            "slice_name": "\u8bbe\u5907\u5206\u5e03\u56fe", 
                            "viz_type": "treemap", 
                            "perm": "[mysql].[device_info](id:1)", 
                            "id": 12, 
                            "created_on": {
                                "__datetime__": "2018-05-16T15:51:05"
                            }, 
                            "params": "{\"url_params\": {}, \"remote_id\": 12, \"slice_id\": 12, \"viz_type\": \"treemap\", \"time_grain_sqla\": null, \"until\": \"now\", \"since\": \"7 days ago\", \"treemap_ratio\": 1.618033988749895, \"metrics\": [\"count\"], \"groupby\": [\"city\", \"district\", \"community\"], \"database_name\": \"mysql\", \"datasource\": \"1__table\", \"filters\": [], \"datasource_name\": \"device_info\", \"color_scheme\": \"bnbColors\", \"granularity_sqla\": null, \"where\": \"\", \"having\": \"\", \"number_format\": \".3s\", \"schema\": \"device_info\"}", 
                            "changed_by_fk": 1, 
                            "datasource_name": "device_info", 
                            "cache_timeout": null, 
                            "datasource_type": "table", 
                            "changed_on": {
                                "__datetime__": "2018-05-17T10:52:21"
                            }
                        }
                    }, 
                    {
                        "__Slice__": {
                            "created_by_fk": 1, 
                            "datasource_id": 3, 
                            "description": null, 
                            "slice_name": "\u8fd1\u4e03\u5929\u7528\u91cf", 
                            "viz_type": "bar", 
                            "perm": "[cluster].[useEng](id:3)", 
                            "id": 4, 
                            "created_on": {
                                "__datetime__": "2018-05-02T09:25:53"
                            }, 
                            "params": "{\"url_params\": {}, \"bottom_margin\": \"auto\", \"y_axis_label\": \"\\u7528\\u91cf\", \"resample_fillmethod\": null, \"show_brush\": \"auto\", \"line_interpolation\": \"linear\", \"annotation_layers\": [], \"show_legend\": true, \"database_name\": \"druid\", \"filters\": [], \"show_controls\": false, \"x_axis_label\": \"\\u65f6\\u95f4\", \"rolling_type\": \"None\", \"viz_type\": \"bar\", \"having_filters\": [], \"order_desc\": true, \"since\": \"7 days ago\", \"rich_tooltip\": true, \"time_compare\": null, \"color_scheme\": \"bnbColors\", \"until\": \"now\", \"schema\": \"useEng\", \"show_bar_value\": false, \"resample_rule\": null, \"period_ratio_type\": \"growth\", \"y_axis_format\": \".3f\", \"x_axis_format\": \"%Y-%m-%d\", \"metrics\": [\"max__data\"], \"granularity\": \"one day\", \"remote_id\": 4, \"y_axis_bounds\": [null, null], \"timeseries_limit_metric\": null, \"slice_id\": 4, \"resample_how\": null, \"reduce_x_ticks\": false, \"groupby\": [\"type\"], \"druid_time_origin\": null, \"y_log_scale\": false, \"datasource\": \"3__druid\", \"x_axis_showminmax\": true, \"datasource_name\": \"useEng\", \"contribution\": false, \"num_period_compare\": \"\", \"bar_stacked\": false}", 
                            "changed_by_fk": 1, 
                            "datasource_name": "useEng", 
                            "cache_timeout": null, 
                            "datasource_type": "druid", 
                            "changed_on": {
                                "__datetime__": "2018-05-17T10:52:21"
                            }
                        }
                    }
                ], 
                "position_json": "[\n    {\n        \"col\": 1, \n        \"row\": 32, \n        \"size_x\": 23, \n        \"size_y\": 12, \n        \"slice_id\": \"4\"\n    }, \n    {\n        \"col\": 1, \n        \"row\": 0, \n        \"size_x\": 15, \n        \"size_y\": 14, \n        \"slice_id\": \"5\"\n    }, \n    {\n        \"col\": 16, \n        \"row\": 0, \n        \"size_x\": 8, \n        \"size_y\": 8, \n        \"slice_id\": \"8\"\n    }, \n    {\n        \"col\": 16, \n        \"row\": 26, \n        \"size_x\": 8, \n        \"size_y\": 6, \n        \"slice_id\": \"9\"\n    }, \n    {\n        \"col\": 24, \n        \"row\": 0, \n        \"size_x\": 25, \n        \"size_y\": 26, \n        \"slice_id\": \"12\"\n    }\n]", 
                "created_on": {
                    "__datetime__": "2018-05-17T08:28:19"
                }, 
                "changed_on": {
                    "__datetime__": "2018-05-17T08:39:04"
                }, 
                "changed_by_fk": 1, 
                "created_by_fk": 1, 
                "id": 3, 
                "css": ""
            }
        }, 
        {
            "__Dashboard__": {
                "dashboard_title": "03.\u670d\u52a1\u5668\u72b6\u6001\u76d1\u63a7", 
                "slug": "showdata", 
                "json_metadata": "{\"timed_refresh_immune_slices\": [], \"expanded_slices\": {}, \"filter_immune_slice_fields\": {}, \"filter_immune_slices\": [], \"remote_id\": 1, \"default_filters\": \"{}\"}", 
                "description": null, 
                "slices": [
                    {
                        "__Slice__": {
                            "created_by_fk": 1, 
                            "datasource_id": 2, 
                            "description": "", 
                            "slice_name": "CPU\u4f7f\u7528\u7387", 
                            "viz_type": "line", 
                            "perm": "[cluster].[dataInfo](id:2)", 
                            "id": 1, 
                            "created_on": {
                                "__datetime__": "2018-05-02T09:16:35"
                            }, 
                            "params": "{\"url_params\": {}, \"bottom_margin\": \"auto\", \"y_axis_label\": \"\\u4f7f\\u7528\\u7387\", \"resample_fillmethod\": null, \"show_brush\": \"auto\", \"line_interpolation\": \"linear\", \"annotation_layers\": [], \"show_legend\": true, \"filters\": [{\"col\": \"type\", \"val\": \"10\", \"op\": \"==\"}], \"database_name\": \"druid\", \"x_axis_label\": \"\\u65f6\\u95f4\", \"rolling_type\": \"None\", \"viz_type\": \"line\", \"show_markers\": false, \"having_filters\": [], \"order_desc\": true, \"since\": \"7 days ago\", \"rich_tooltip\": true, \"time_compare\": null, \"color_scheme\": \"bnbColors\", \"until\": \"now\", \"schema\": \"dataInfo\", \"y_axis_showminmax\": true, \"resample_rule\": null, \"period_ratio_type\": \"growth\", \"y_axis_format\": \".3%\", \"x_axis_showminmax\": true, \"metrics\": [\"max__data\"], \"granularity\": \"5 minutes\", \"remote_id\": 1, \"left_margin\": \"auto\", \"y_axis_bounds\": [null, null], \"timeseries_limit_metric\": null, \"num_period_compare\": \"\", \"groupby\": [\"serverId\"], \"druid_time_origin\": null, \"y_log_scale\": false, \"datasource\": \"2__druid\", \"x_axis_format\": \"%Y-%m-%d %H:%M:%S\", \"datasource_name\": \"dataInfo\", \"contribution\": false, \"resample_how\": null}", 
                            "changed_by_fk": 1, 
                            "datasource_name": "dataInfo", 
                            "cache_timeout": null, 
                            "datasource_type": "druid", 
                            "changed_on": {
                                "__datetime__": "2018-05-17T10:52:21"
                            }
                        }
                    }, 
                    {
                        "__Slice__": {
                            "created_by_fk": 1, 
                            "datasource_id": 2, 
                            "description": null, 
                            "slice_name": "\u5185\u5b58\u4f7f\u7528\u7387", 
                            "viz_type": "line", 
                            "perm": "[cluster].[dataInfo](id:2)", 
                            "id": 2, 
                            "created_on": {
                                "__datetime__": "2018-05-02T09:19:26"
                            }, 
                            "params": "{\"url_params\": {}, \"bottom_margin\": \"auto\", \"y_axis_label\": \"\\u4f7f\\u7528\\u7387\", \"resample_fillmethod\": null, \"show_brush\": \"auto\", \"line_interpolation\": \"linear\", \"annotation_layers\": [], \"show_legend\": true, \"filters\": [{\"col\": \"type\", \"val\": \"11\", \"op\": \"==\"}], \"database_name\": \"druid\", \"x_axis_label\": \"\\u65f6\\u95f4\", \"rolling_type\": \"None\", \"viz_type\": \"line\", \"show_markers\": false, \"having_filters\": [], \"order_desc\": true, \"since\": \"7 days ago\", \"rich_tooltip\": true, \"time_compare\": null, \"color_scheme\": \"bnbColors\", \"until\": \"now\", \"schema\": \"dataInfo\", \"y_axis_showminmax\": true, \"resample_rule\": null, \"period_ratio_type\": \"growth\", \"y_axis_format\": \".3%\", \"x_axis_showminmax\": true, \"metrics\": [\"max__data\"], \"granularity\": \"5 minutes\", \"remote_id\": 2, \"left_margin\": \"auto\", \"y_axis_bounds\": [null, null], \"timeseries_limit_metric\": null, \"resample_how\": null, \"groupby\": [\"serverId\"], \"druid_time_origin\": null, \"y_log_scale\": false, \"datasource\": \"2__druid\", \"x_axis_format\": \"%Y-%m-%d %H:%M:%S\", \"datasource_name\": \"dataInfo\", \"contribution\": false, \"num_period_compare\": \"\"}", 
                            "changed_by_fk": 1, 
                            "datasource_name": "dataInfo", 
                            "cache_timeout": null, 
                            "datasource_type": "druid", 
                            "changed_on": {
                                "__datetime__": "2018-05-17T10:52:21"
                            }
                        }
                    }, 
                    {
                        "__Slice__": {
                            "created_by_fk": 1, 
                            "datasource_id": 2, 
                            "description": null, 
                            "slice_name": "\u786c\u76d8\u4f7f\u7528\u7387", 
                            "viz_type": "line", 
                            "perm": "[cluster].[dataInfo](id:2)", 
                            "id": 3, 
                            "created_on": {
                                "__datetime__": "2018-05-02T09:21:07"
                            }, 
                            "params": "{\"url_params\": {}, \"bottom_margin\": \"auto\", \"y_axis_label\": \"\\u4f7f\\u7528\\u7387\", \"resample_fillmethod\": null, \"show_brush\": \"auto\", \"line_interpolation\": \"linear\", \"annotation_layers\": [], \"show_legend\": true, \"filters\": [{\"col\": \"type\", \"val\": \"12\", \"op\": \"==\"}], \"database_name\": \"druid\", \"x_axis_label\": \"\\u65f6\\u95f4\", \"rolling_type\": \"None\", \"viz_type\": \"line\", \"show_markers\": false, \"having_filters\": [], \"order_desc\": true, \"since\": \"7 days ago\", \"rich_tooltip\": true, \"time_compare\": null, \"color_scheme\": \"bnbColors\", \"until\": \"now\", \"schema\": \"dataInfo\", \"y_axis_showminmax\": true, \"resample_rule\": null, \"period_ratio_type\": \"growth\", \"y_axis_format\": \".3%\", \"x_axis_showminmax\": true, \"metrics\": [\"max__data\"], \"granularity\": \"5 minutes\", \"remote_id\": 3, \"left_margin\": \"auto\", \"y_axis_bounds\": [null, null], \"timeseries_limit_metric\": null, \"num_period_compare\": \"\", \"groupby\": [\"serverId\"], \"druid_time_origin\": null, \"y_log_scale\": false, \"datasource\": \"2__druid\", \"x_axis_format\": \"%Y-%m-%d %H:%M:%S\", \"datasource_name\": \"dataInfo\", \"contribution\": false, \"resample_how\": null}", 
                            "changed_by_fk": 1, 
                            "datasource_name": "dataInfo", 
                            "cache_timeout": null, 
                            "datasource_type": "druid", 
                            "changed_on": {
                                "__datetime__": "2018-05-17T10:52:21"
                            }
                        }
                    }
                ], 
                "position_json": "[\r\n    {\r\n        \"col\": 1, \r\n        \"row\": 140, \r\n        \"size_x\": 48, \r\n        \"size_y\": 18, \r\n        \"slice_id\": \"1\"\r\n    }, \r\n    {\r\n        \"col\": 1, \r\n        \"row\": 158, \r\n        \"size_x\": 48, \r\n        \"size_y\": 18, \r\n        \"slice_id\": \"2\"\r\n    }, \r\n    {\r\n        \"col\": 1, \r\n        \"row\": 176, \r\n        \"size_x\": 48, \r\n        \"size_y\": 18, \r\n        \"slice_id\": \"3\"\r\n    }, \r\n    {\r\n        \"col\": 1, \r\n        \"row\": 123, \r\n        \"size_x\": 48, \r\n        \"size_y\": 17, \r\n        \"slice_id\": \"4\"\r\n    }\r\n]", 
                "created_on": {
                    "__datetime__": "2018-05-02T09:16:36"
                }, 
                "changed_on": {
                    "__datetime__": "2018-05-17T08:34:44"
                }, 
                "changed_by_fk": 1, 
                "created_by_fk": 1, 
                "id": 1, 
                "css": ""
            }
        }
    ], 
    "datasources": [
        {
            "__DruidDatasource__": {
                "metrics": [
                    {
                        "__DruidMetric__": {
                            "datasource_id": 4, 
                            "description": null, 
                            "d3format": null, 
                            "json": "{\"type\": \"count\", \"name\": \"count\"}", 
                            "warning_text": null, 
                            "created_on": {
                                "__datetime__": "2018-05-03T17:04:22"
                            }, 
                            "changed_by_fk": 1, 
                            "metric_type": "count", 
                            "is_restricted": false, 
                            "created_by_fk": 1, 
                            "verbose_name": "COUNT(*)", 
                            "id": 8, 
                            "changed_on": {
                                "__datetime__": "2018-05-03T17:04:22"
                            }, 
                            "metric_name": "count"
                        }
                    }, 
                    {
                        "__DruidMetric__": {
                            "datasource_id": 4, 
                            "description": null, 
                            "d3format": null, 
                            "json": "{\"fieldName\": \"totalNum\", \"type\": \"doubleMax\", \"name\": \"max__totalNum\"}", 
                            "warning_text": null, 
                            "created_on": {
                                "__datetime__": "2018-05-03T17:14:34"
                            }, 
                            "changed_by_fk": 1, 
                            "metric_type": "max", 
                            "is_restricted": false, 
                            "created_by_fk": 1, 
                            "verbose_name": "MAX(totalNum)", 
                            "id": 9, 
                            "changed_on": {
                                "__datetime__": "2018-05-03T17:14:34"
                            }, 
                            "metric_name": "max__totalNum"
                        }
                    }, 
                    {
                        "__DruidMetric__": {
                            "datasource_id": 4, 
                            "description": null, 
                            "d3format": null, 
                            "json": "{\"fieldName\": \"offNum\", \"type\": \"doubleMax\", \"name\": \"max__offNum\"}", 
                            "warning_text": null, 
                            "created_on": {
                                "__datetime__": "2018-05-03T17:14:36"
                            }, 
                            "changed_by_fk": 1, 
                            "metric_type": "max", 
                            "is_restricted": false, 
                            "created_by_fk": 1, 
                            "verbose_name": "MAX(offNum)", 
                            "id": 10, 
                            "changed_on": {
                                "__datetime__": "2018-05-03T17:14:36"
                            }, 
                            "metric_name": "max__offNum"
                        }
                    }, 
                    {
                        "__DruidMetric__": {
                            "datasource_id": 4, 
                            "description": "", 
                            "d3format": "", 
                            "json": "{\"fieldName\": \"totalNum\", \"type\": \"doubleLast\", \"name\": \"last__totalNum\"}", 
                            "warning_text": "", 
                            "created_on": {
                                "__datetime__": "2018-05-03T17:21:50"
                            }, 
                            "changed_by_fk": 1, 
                            "metric_type": "last", 
                            "is_restricted": false, 
                            "created_by_fk": 1, 
                            "verbose_name": "LAST(totalNum)", 
                            "id": 11, 
                            "changed_on": {
                                "__datetime__": "2018-05-03T17:21:50"
                            }, 
                            "metric_name": "last__totalNum"
                        }
                    }, 
                    {
                        "__DruidMetric__": {
                            "datasource_id": 4, 
                            "description": "", 
                            "d3format": "", 
                            "json": "{\"fieldName\": \"offNum\", \"type\": \"doubleLast\", \"name\": \"last__offNum\"}", 
                            "warning_text": "", 
                            "created_on": {
                                "__datetime__": "2018-05-03T17:22:41"
                            }, 
                            "changed_by_fk": 1, 
                            "metric_type": "last", 
                            "is_restricted": false, 
                            "created_by_fk": 1, 
                            "verbose_name": "LAST(offNum)", 
                            "id": 12, 
                            "changed_on": {
                                "__datetime__": "2018-05-03T17:22:41"
                            }, 
                            "metric_name": "last__offNum"
                        }
                    }, 
                    {
                        "__DruidMetric__": {
                            "datasource_id": 4, 
                            "description": "", 
                            "d3format": "", 
                            "json": "{ \"type\": \"javascript\",\"fieldNames\": [\"last__offNum\",\"last__totalNum\"],\"function\":\"function(last__offNum, last__totalNum) { return last__offNum.rhs/ last__totalNum.rhs; }\"\r\n}", 
                            "warning_text": "", 
                            "created_on": {
                                "__datetime__": "2018-05-04T09:14:35"
                            }, 
                            "changed_by_fk": 1, 
                            "metric_type": "postagg", 
                            "is_restricted": false, 
                            "created_by_fk": 1, 
                            "verbose_name": "OfflineRate", 
                            "id": 13, 
                            "changed_on": {
                                "__datetime__": "2018-05-09T09:12:25"
                            }, 
                            "metric_name": "offline__rate"
                        }
                    }
                ], 
                "is_featured": false, 
                "created_by_fk": 1, 
                "user_id": null, 
                "description": "", 
                "default_endpoint": "", 
                "offset": 8, 
                "fetch_values_from": "", 
                "perm": "[cluster].[offline](id:4)", 
                "cluster_name": "cluster", 
                "cluster": {
                    "__DruidCluster__": {
                        "cache_timeout": 5000, 
                        "coordinator_port": 8081, 
                        "broker_port": 8082, 
                        "broker_endpoint": "druid/v2", 
                        "broker_host": "127.0.0.1", 
                        "cluster_name": "cluster", 
                        "created_on": {
                            "__datetime__": "2018-05-02T08:24:56"
                        }, 
                        "metadata_last_refreshed": {
                            "__datetime__": "2018-05-16T15:42:51"
                        }, 
                        "coordinator_endpoint": "druid/coordinator/v1/metadata", 
                        "changed_by_fk": 1, 
                        "created_by_fk": 1, 
                        "verbose_name": "druid", 
                        "id": 1, 
                        "changed_on": {
                            "__datetime__": "2018-05-16T15:42:51"
                        }, 
                        "coordinator_host": "127.0.0.1"
                    }
                }, 
                "created_on": {
                    "__datetime__": "2018-05-03T17:04:22"
                }, 
                "params": "{\"database_name\": \"druid\", \"remote_id\": 4}", 
                "columns": [
                    {
                        "__DruidColumn__": {
                            "created_by_fk": 1, 
                            "datasource_id": 4, 
                            "description": null, 
                            "dimension_spec_json": null, 
                            "min": false, 
                            "filterable": true, 
                            "max": false, 
                            "sum": false, 
                            "is_active": true, 
                            "id": 8, 
                            "created_on": {
                                "__datetime__": "2018-05-03T17:04:22"
                            }, 
                            "changed_on": {
                                "__datetime__": "2018-05-03T17:04:22"
                            }, 
                            "changed_by_fk": 1, 
                            "avg": false, 
                            "verbose_name": null, 
                            "type": "STRING", 
                            "groupby": true, 
                            "count_distinct": false, 
                            "column_name": "type"
                        }
                    }, 
                    {
                        "__DruidColumn__": {
                            "created_by_fk": 1, 
                            "datasource_id": 4, 
                            "description": null, 
                            "dimension_spec_json": null, 
                            "min": false, 
                            "filterable": false, 
                            "max": true, 
                            "sum": false, 
                            "is_active": true, 
                            "id": 9, 
                            "created_on": {
                                "__datetime__": "2018-05-03T17:04:22"
                            }, 
                            "changed_on": {
                                "__datetime__": "2018-05-03T17:14:34"
                            }, 
                            "changed_by_fk": 1, 
                            "avg": false, 
                            "verbose_name": null, 
                            "type": "FLOAT", 
                            "groupby": false, 
                            "count_distinct": false, 
                            "column_name": "totalNum"
                        }
                    }, 
                    {
                        "__DruidColumn__": {
                            "created_by_fk": 1, 
                            "datasource_id": 4, 
                            "description": null, 
                            "dimension_spec_json": null, 
                            "min": false, 
                            "filterable": false, 
                            "max": true, 
                            "sum": false, 
                            "is_active": true, 
                            "id": 10, 
                            "created_on": {
                                "__datetime__": "2018-05-03T17:04:22"
                            }, 
                            "changed_on": {
                                "__datetime__": "2018-05-03T17:14:36"
                            }, 
                            "changed_by_fk": 1, 
                            "avg": false, 
                            "verbose_name": null, 
                            "type": "FLOAT", 
                            "groupby": false, 
                            "count_distinct": false, 
                            "column_name": "offNum"
                        }
                    }
                ], 
                "filter_select_enabled": false, 
                "changed_by_fk": 1, 
                "datasource_name": "offline", 
                "is_hidden": false, 
                "cache_timeout": null, 
                "id": 4, 
                "changed_on": {
                    "__datetime__": "2018-05-04T15:59:51"
                }
            }
        }, 
        {
            "__DruidDatasource__": {
                "metrics": [
                    {
                        "__DruidMetric__": {
                            "datasource_id": 2, 
                            "description": null, 
                            "d3format": null, 
                            "json": "{\"type\": \"count\", \"name\": \"count\"}", 
                            "warning_text": null, 
                            "created_on": {
                                "__datetime__": "2018-05-02T09:05:37"
                            }, 
                            "changed_by_fk": 1, 
                            "metric_type": "count", 
                            "is_restricted": false, 
                            "created_by_fk": 1, 
                            "verbose_name": "COUNT(*)", 
                            "id": 1, 
                            "changed_on": {
                                "__datetime__": "2018-05-02T09:05:37"
                            }, 
                            "metric_name": "count"
                        }
                    }, 
                    {
                        "__DruidMetric__": {
                            "datasource_id": 2, 
                            "description": null, 
                            "d3format": null, 
                            "json": "{\"fieldName\": \"data\", \"type\": \"doubleSum\", \"name\": \"sum__data\"}", 
                            "warning_text": null, 
                            "created_on": {
                                "__datetime__": "2018-05-02T09:06:51"
                            }, 
                            "changed_by_fk": 1, 
                            "metric_type": "sum", 
                            "is_restricted": false, 
                            "created_by_fk": 1, 
                            "verbose_name": "SUM(data)", 
                            "id": 3, 
                            "changed_on": {
                                "__datetime__": "2018-05-02T09:06:51"
                            }, 
                            "metric_name": "sum__data"
                        }
                    }, 
                    {
                        "__DruidMetric__": {
                            "datasource_id": 2, 
                            "description": null, 
                            "d3format": null, 
                            "json": "{\"fieldName\": \"data\", \"type\": \"doubleMax\", \"name\": \"max__data\"}", 
                            "warning_text": null, 
                            "created_on": {
                                "__datetime__": "2018-05-02T09:06:52"
                            }, 
                            "changed_by_fk": 1, 
                            "metric_type": "max", 
                            "is_restricted": false, 
                            "created_by_fk": 1, 
                            "verbose_name": "MAX(data)", 
                            "id": 4, 
                            "changed_on": {
                                "__datetime__": "2018-05-02T09:06:52"
                            }, 
                            "metric_name": "max__data"
                        }
                    }, 
                    {
                        "__DruidMetric__": {
                            "datasource_id": 2, 
                            "description": null, 
                            "d3format": null, 
                            "json": "{\"type\": \"cardinality\", \"name\": \"count_distinct__deviceId\", \"fieldNames\": [\"deviceId\"]}", 
                            "warning_text": null, 
                            "created_on": {
                                "__datetime__": "2018-05-02T09:06:58"
                            }, 
                            "changed_by_fk": 1, 
                            "metric_type": "count_distinct", 
                            "is_restricted": false, 
                            "created_by_fk": 1, 
                            "verbose_name": "COUNT(DISTINCT deviceId)", 
                            "id": 5, 
                            "changed_on": {
                                "__datetime__": "2018-05-02T09:06:58"
                            }, 
                            "metric_name": "count_distinct__deviceId"
                        }
                    }
                ], 
                "is_featured": false, 
                "created_by_fk": 1, 
                "user_id": null, 
                "description": "", 
                "default_endpoint": "", 
                "offset": 8, 
                "fetch_values_from": "", 
                "perm": "[cluster].[dataInfo](id:2)", 
                "cluster_name": "cluster", 
                "cluster": {
                    "__DruidCluster__": {
                        "cache_timeout": 5000, 
                        "coordinator_port": 8081, 
                        "broker_port": 8082, 
                        "broker_endpoint": "druid/v2", 
                        "broker_host": "127.0.0.1", 
                        "cluster_name": "cluster", 
                        "created_on": {
                            "__datetime__": "2018-05-02T08:24:56"
                        }, 
                        "metadata_last_refreshed": {
                            "__datetime__": "2018-05-16T15:42:51"
                        }, 
                        "coordinator_endpoint": "druid/coordinator/v1/metadata", 
                        "changed_by_fk": 1, 
                        "created_by_fk": 1, 
                        "verbose_name": "druid", 
                        "id": 1, 
                        "changed_on": {
                            "__datetime__": "2018-05-16T15:42:51"
                        }, 
                        "coordinator_host": "127.0.0.1"
                    }
                }, 
                "created_on": {
                    "__datetime__": "2018-05-02T09:05:37"
                }, 
                "params": "{\"database_name\": \"druid\", \"remote_id\": 2}", 
                "columns": [
                    {
                        "__DruidColumn__": {
                            "created_by_fk": 1, 
                            "datasource_id": 2, 
                            "description": null, 
                            "dimension_spec_json": null, 
                            "min": false, 
                            "filterable": false, 
                            "max": true, 
                            "sum": true, 
                            "is_active": true, 
                            "id": 1, 
                            "created_on": {
                                "__datetime__": "2018-05-02T09:05:37"
                            }, 
                            "changed_on": {
                                "__datetime__": "2018-05-02T09:06:52"
                            }, 
                            "changed_by_fk": 1, 
                            "avg": false, 
                            "verbose_name": null, 
                            "type": "FLOAT", 
                            "groupby": false, 
                            "count_distinct": false, 
                            "column_name": "data"
                        }
                    }, 
                    {
                        "__DruidColumn__": {
                            "created_by_fk": 1, 
                            "datasource_id": 2, 
                            "description": null, 
                            "dimension_spec_json": null, 
                            "min": false, 
                            "filterable": true, 
                            "max": false, 
                            "sum": false, 
                            "is_active": true, 
                            "id": 2, 
                            "created_on": {
                                "__datetime__": "2018-05-02T09:05:37"
                            }, 
                            "changed_on": {
                                "__datetime__": "2018-05-02T09:06:58"
                            }, 
                            "changed_by_fk": 1, 
                            "avg": false, 
                            "verbose_name": null, 
                            "type": "STRING", 
                            "groupby": true, 
                            "count_distinct": true, 
                            "column_name": "deviceId"
                        }
                    }, 
                    {
                        "__DruidColumn__": {
                            "created_by_fk": 1, 
                            "datasource_id": 2, 
                            "description": null, 
                            "dimension_spec_json": null, 
                            "min": false, 
                            "filterable": true, 
                            "max": false, 
                            "sum": false, 
                            "is_active": true, 
                            "id": 3, 
                            "created_on": {
                                "__datetime__": "2018-05-02T09:05:37"
                            }, 
                            "changed_on": {
                                "__datetime__": "2018-05-02T09:05:37"
                            }, 
                            "changed_by_fk": 1, 
                            "avg": false, 
                            "verbose_name": null, 
                            "type": "STRING", 
                            "groupby": true, 
                            "count_distinct": false, 
                            "column_name": "serverId"
                        }
                    }, 
                    {
                        "__DruidColumn__": {
                            "created_by_fk": 1, 
                            "datasource_id": 2, 
                            "description": null, 
                            "dimension_spec_json": null, 
                            "min": false, 
                            "filterable": true, 
                            "max": false, 
                            "sum": false, 
                            "is_active": true, 
                            "id": 4, 
                            "created_on": {
                                "__datetime__": "2018-05-02T09:05:37"
                            }, 
                            "changed_on": {
                                "__datetime__": "2018-05-02T09:05:37"
                            }, 
                            "changed_by_fk": 1, 
                            "avg": false, 
                            "verbose_name": null, 
                            "type": "STRING", 
                            "groupby": true, 
                            "count_distinct": false, 
                            "column_name": "type"
                        }
                    }, 
                    {
                        "__DruidColumn__": {
                            "created_by_fk": 1, 
                            "datasource_id": 2, 
                            "description": null, 
                            "dimension_spec_json": null, 
                            "min": false, 
                            "filterable": true, 
                            "max": false, 
                            "sum": false, 
                            "is_active": true, 
                            "id": 5, 
                            "created_on": {
                                "__datetime__": "2018-05-02T09:05:37"
                            }, 
                            "changed_on": {
                                "__datetime__": "2018-05-02T09:05:37"
                            }, 
                            "changed_by_fk": 1, 
                            "avg": false, 
                            "verbose_name": null, 
                            "type": "STRING", 
                            "groupby": true, 
                            "count_distinct": false, 
                            "column_name": "event"
                        }
                    }
                ], 
                "filter_select_enabled": false, 
                "changed_by_fk": 1, 
                "datasource_name": "dataInfo", 
                "is_hidden": false, 
                "cache_timeout": null, 
                "id": 2, 
                "changed_on": {
                    "__datetime__": "2018-05-02T09:07:34"
                }
            }
        }, 
        {
            "__SqlaTable__": {
                "is_featured": false, 
                "offset": 0, 
                "main_dttm_col": null, 
                "created_on": {
                    "__datetime__": "2018-05-14T16:26:17"
                }, 
                "cache_timeout": null, 
                "id": 1, 
                "changed_on": {
                    "__datetime__": "2018-05-14T16:26:17"
                }, 
                "created_by_fk": 1, 
                "user_id": null, 
                "default_endpoint": null, 
                "perm": "[mysql].[device_info](id:1)", 
                "params": "{\"database_name\": \"mysql\", \"remote_id\": 1}", 
                "filter_select_enabled": false, 
                "changed_by_fk": 1, 
                "columns": [
                    {
                        "__TableColumn__": {
                            "python_date_format": null, 
                            "created_on": {
                                "__datetime__": "2018-05-14T16:26:17"
                            }, 
                            "avg": false, 
                            "id": 1, 
                            "changed_on": {
                                "__datetime__": "2018-05-14T16:26:17"
                            }, 
                            "created_by_fk": 1, 
                            "min": false, 
                            "filterable": true, 
                            "is_dttm": false, 
                            "sum": false, 
                            "database_expression": null, 
                            "changed_by_fk": 1, 
                            "verbose_name": null, 
                            "column_name": "deviceId", 
                            "description": null, 
                            "max": false, 
                            "is_active": true, 
                            "type": "VARCHAR(20)", 
                            "table_id": 1, 
                            "expression": "", 
                            "groupby": true, 
                            "count_distinct": false
                        }
                    }, 
                    {
                        "__TableColumn__": {
                            "python_date_format": null, 
                            "created_on": {
                                "__datetime__": "2018-05-14T16:26:17"
                            }, 
                            "avg": false, 
                            "id": 2, 
                            "changed_on": {
                                "__datetime__": "2018-05-14T16:26:17"
                            }, 
                            "created_by_fk": 1, 
                            "min": false, 
                            "filterable": true, 
                            "is_dttm": false, 
                            "sum": false, 
                            "database_expression": null, 
                            "changed_by_fk": 1, 
                            "verbose_name": null, 
                            "column_name": "gatewayId", 
                            "description": null, 
                            "max": false, 
                            "is_active": true, 
                            "type": "VARCHAR(30)", 
                            "table_id": 1, 
                            "expression": "", 
                            "groupby": true, 
                            "count_distinct": false
                        }
                    }, 
                    {
                        "__TableColumn__": {
                            "python_date_format": null, 
                            "created_on": {
                                "__datetime__": "2018-05-14T16:26:17"
                            }, 
                            "avg": false, 
                            "id": 3, 
                            "changed_on": {
                                "__datetime__": "2018-05-14T16:26:17"
                            }, 
                            "created_by_fk": 1, 
                            "min": false, 
                            "filterable": true, 
                            "is_dttm": false, 
                            "sum": false, 
                            "database_expression": null, 
                            "changed_by_fk": 1, 
                            "verbose_name": null, 
                            "column_name": "simId", 
                            "description": null, 
                            "max": false, 
                            "is_active": true, 
                            "type": "VARCHAR(20)", 
                            "table_id": 1, 
                            "expression": "", 
                            "groupby": true, 
                            "count_distinct": false
                        }
                    }, 
                    {
                        "__TableColumn__": {
                            "python_date_format": null, 
                            "created_on": {
                                "__datetime__": "2018-05-14T16:26:17"
                            }, 
                            "avg": false, 
                            "id": 4, 
                            "changed_on": {
                                "__datetime__": "2018-05-14T16:26:17"
                            }, 
                            "created_by_fk": 1, 
                            "min": false, 
                            "filterable": true, 
                            "is_dttm": false, 
                            "sum": false, 
                            "database_expression": null, 
                            "changed_by_fk": 1, 
                            "verbose_name": null, 
                            "column_name": "project", 
                            "description": null, 
                            "max": false, 
                            "is_active": true, 
                            "type": "VARCHAR(30)", 
                            "table_id": 1, 
                            "expression": "", 
                            "groupby": true, 
                            "count_distinct": false
                        }
                    }, 
                    {
                        "__TableColumn__": {
                            "python_date_format": null, 
                            "created_on": {
                                "__datetime__": "2018-05-14T16:26:17"
                            }, 
                            "avg": false, 
                            "id": 5, 
                            "changed_on": {
                                "__datetime__": "2018-05-14T16:26:17"
                            }, 
                            "created_by_fk": 1, 
                            "min": false, 
                            "filterable": true, 
                            "is_dttm": false, 
                            "sum": false, 
                            "database_expression": null, 
                            "changed_by_fk": 1, 
                            "verbose_name": null, 
                            "column_name": "province", 
                            "description": null, 
                            "max": false, 
                            "is_active": true, 
                            "type": "VARCHAR(10)", 
                            "table_id": 1, 
                            "expression": "", 
                            "groupby": true, 
                            "count_distinct": false
                        }
                    }, 
                    {
                        "__TableColumn__": {
                            "python_date_format": null, 
                            "created_on": {
                                "__datetime__": "2018-05-14T16:26:17"
                            }, 
                            "avg": false, 
                            "id": 6, 
                            "changed_on": {
                                "__datetime__": "2018-05-14T16:26:17"
                            }, 
                            "created_by_fk": 1, 
                            "min": false, 
                            "filterable": true, 
                            "is_dttm": false, 
                            "sum": false, 
                            "database_expression": null, 
                            "changed_by_fk": 1, 
                            "verbose_name": null, 
                            "column_name": "city", 
                            "description": null, 
                            "max": false, 
                            "is_active": true, 
                            "type": "VARCHAR(10)", 
                            "table_id": 1, 
                            "expression": "", 
                            "groupby": true, 
                            "count_distinct": false
                        }
                    }, 
                    {
                        "__TableColumn__": {
                            "python_date_format": null, 
                            "created_on": {
                                "__datetime__": "2018-05-14T16:26:17"
                            }, 
                            "avg": false, 
                            "id": 7, 
                            "changed_on": {
                                "__datetime__": "2018-05-14T16:26:17"
                            }, 
                            "created_by_fk": 1, 
                            "min": false, 
                            "filterable": true, 
                            "is_dttm": false, 
                            "sum": false, 
                            "database_expression": null, 
                            "changed_by_fk": 1, 
                            "verbose_name": null, 
                            "column_name": "district", 
                            "description": null, 
                            "max": false, 
                            "is_active": true, 
                            "type": "VARCHAR(20)", 
                            "table_id": 1, 
                            "expression": "", 
                            "groupby": true, 
                            "count_distinct": false
                        }
                    }, 
                    {
                        "__TableColumn__": {
                            "python_date_format": null, 
                            "created_on": {
                                "__datetime__": "2018-05-14T16:26:17"
                            }, 
                            "avg": false, 
                            "id": 8, 
                            "changed_on": {
                                "__datetime__": "2018-05-14T16:26:17"
                            }, 
                            "created_by_fk": 1, 
                            "min": false, 
                            "filterable": true, 
                            "is_dttm": false, 
                            "sum": false, 
                            "database_expression": null, 
                            "changed_by_fk": 1, 
                            "verbose_name": null, 
                            "column_name": "community", 
                            "description": null, 
                            "max": false, 
                            "is_active": true, 
                            "type": "VARCHAR(30)", 
                            "table_id": 1, 
                            "expression": "", 
                            "groupby": true, 
                            "count_distinct": false
                        }
                    }, 
                    {
                        "__TableColumn__": {
                            "python_date_format": null, 
                            "created_on": {
                                "__datetime__": "2018-05-14T16:26:17"
                            }, 
                            "avg": false, 
                            "id": 9, 
                            "changed_on": {
                                "__datetime__": "2018-05-14T16:26:17"
                            }, 
                            "created_by_fk": 1, 
                            "min": false, 
                            "filterable": true, 
                            "is_dttm": false, 
                            "sum": false, 
                            "database_expression": null, 
                            "changed_by_fk": 1, 
                            "verbose_name": null, 
                            "column_name": "address", 
                            "description": null, 
                            "max": false, 
                            "is_active": true, 
                            "type": "VARCHAR(30)", 
                            "table_id": 1, 
                            "expression": "", 
                            "groupby": true, 
                            "count_distinct": false
                        }
                    }, 
                    {
                        "__TableColumn__": {
                            "python_date_format": null, 
                            "created_on": {
                                "__datetime__": "2018-05-14T16:26:17"
                            }, 
                            "avg": false, 
                            "id": 10, 
                            "changed_on": {
                                "__datetime__": "2018-05-14T16:26:17"
                            }, 
                            "created_by_fk": 1, 
                            "min": false, 
                            "filterable": true, 
                            "is_dttm": false, 
                            "sum": false, 
                            "database_expression": null, 
                            "changed_by_fk": 1, 
                            "verbose_name": null, 
                            "column_name": "readState", 
                            "description": null, 
                            "max": false, 
                            "is_active": true, 
                            "type": "VARCHAR(1)", 
                            "table_id": 1, 
                            "expression": "", 
                            "groupby": true, 
                            "count_distinct": false
                        }
                    }, 
                    {
                        "__TableColumn__": {
                            "python_date_format": null, 
                            "created_on": {
                                "__datetime__": "2018-05-14T16:26:17"
                            }, 
                            "avg": false, 
                            "id": 11, 
                            "changed_on": {
                                "__datetime__": "2018-05-14T16:26:17"
                            }, 
                            "created_by_fk": 1, 
                            "min": false, 
                            "filterable": true, 
                            "is_dttm": false, 
                            "sum": false, 
                            "database_expression": null, 
                            "changed_by_fk": 1, 
                            "verbose_name": null, 
                            "column_name": "valveState", 
                            "description": null, 
                            "max": false, 
                            "is_active": true, 
                            "type": "VARCHAR(1)", 
                            "table_id": 1, 
                            "expression": "", 
                            "groupby": true, 
                            "count_distinct": false
                        }
                    }, 
                    {
                        "__TableColumn__": {
                            "python_date_format": null, 
                            "created_on": {
                                "__datetime__": "2018-05-14T16:26:17"
                            }, 
                            "avg": false, 
                            "id": 12, 
                            "changed_on": {
                                "__datetime__": "2018-05-14T16:26:17"
                            }, 
                            "created_by_fk": 1, 
                            "min": false, 
                            "filterable": true, 
                            "is_dttm": false, 
                            "sum": false, 
                            "database_expression": null, 
                            "changed_by_fk": 1, 
                            "verbose_name": null, 
                            "column_name": "deviceState", 
                            "description": null, 
                            "max": false, 
                            "is_active": true, 
                            "type": "VARCHAR(1)", 
                            "table_id": 1, 
                            "expression": "", 
                            "groupby": true, 
                            "count_distinct": false
                        }
                    }, 
                    {
                        "__TableColumn__": {
                            "python_date_format": null, 
                            "created_on": {
                                "__datetime__": "2018-05-14T16:26:17"
                            }, 
                            "avg": false, 
                            "id": 13, 
                            "changed_on": {
                                "__datetime__": "2018-05-14T16:26:17"
                            }, 
                            "created_by_fk": 1, 
                            "min": false, 
                            "filterable": true, 
                            "is_dttm": false, 
                            "sum": false, 
                            "database_expression": null, 
                            "changed_by_fk": 1, 
                            "verbose_name": null, 
                            "column_name": "simState", 
                            "description": null, 
                            "max": false, 
                            "is_active": true, 
                            "type": "VARCHAR(1)", 
                            "table_id": 1, 
                            "expression": "", 
                            "groupby": true, 
                            "count_distinct": false
                        }
                    }, 
                    {
                        "__TableColumn__": {
                            "python_date_format": null, 
                            "created_on": {
                                "__datetime__": "2018-05-14T16:26:17"
                            }, 
                            "avg": false, 
                            "id": 14, 
                            "changed_on": {
                                "__datetime__": "2018-05-14T16:26:17"
                            }, 
                            "created_by_fk": 1, 
                            "min": false, 
                            "filterable": true, 
                            "is_dttm": false, 
                            "sum": false, 
                            "database_expression": null, 
                            "changed_by_fk": 1, 
                            "verbose_name": null, 
                            "column_name": "dataUsed", 
                            "description": null, 
                            "max": false, 
                            "is_active": true, 
                            "type": "VARCHAR(30)", 
                            "table_id": 1, 
                            "expression": "", 
                            "groupby": true, 
                            "count_distinct": false
                        }
                    }, 
                    {
                        "__TableColumn__": {
                            "python_date_format": "", 
                            "created_on": {
                                "__datetime__": "2018-05-16T15:23:17"
                            }, 
                            "avg": false, 
                            "id": 15, 
                            "changed_on": {
                                "__datetime__": "2018-05-16T15:23:17"
                            }, 
                            "created_by_fk": 1, 
                            "min": false, 
                            "filterable": false, 
                            "is_dttm": true, 
                            "sum": false, 
                            "database_expression": "", 
                            "changed_by_fk": 1, 
                            "verbose_name": "", 
                            "column_name": "updateTime", 
                            "description": "", 
                            "max": false, 
                            "is_active": true, 
                            "type": "datetime", 
                            "table_id": 1, 
                            "expression": "", 
                            "groupby": false, 
                            "count_distinct": false
                        }
                    }
                ], 
                "schema": "", 
                "fetch_values_predicate": null, 
                "description": null, 
                "metrics": [
                    {
                        "__SqlMetric__": {
                            "metric_name": "count", 
                            "d3format": null, 
                            "expression": "COUNT(*)", 
                            "created_on": {
                                "__datetime__": "2018-05-14T16:26:17"
                            }, 
                            "warning_text": null, 
                            "table_id": 1, 
                            "changed_by_fk": 1, 
                            "metric_type": "count", 
                            "is_restricted": false, 
                            "created_by_fk": 1, 
                            "verbose_name": "COUNT(*)", 
                            "id": 1, 
                            "changed_on": {
                                "__datetime__": "2018-05-14T16:26:18"
                            }, 
                            "description": null
                        }
                    }
                ], 
                "sql": null, 
                "database": {
                    "__Database__": {
                        "expose_in_sqllab": false, 
                        "password": "Joymeter@123", 
                        "allow_run_sync": true, 
                        "allow_ctas": false, 
                        "impersonate_user": false, 
                        "allow_multi_schema_metadata_fetch": true, 
                        "allow_dml": false, 
                        "database_name": "mysql", 
                        "extra": "{\r\n    \"metadata_params\": {},\r\n    \"engine_params\": {}\r\n}\r\n", 
                        "sqlalchemy_uri": "mysql+pymysql://root:XXXXXXXXXX@localhost:3306/deviceData?charset=utf8", 
                        "perm": "[mysql].(id:2)", 
                        "cache_timeout": 5000, 
                        "created_on": {
                            "__datetime__": "2018-05-14T16:02:16"
                        }, 
                        "select_as_create_table_as": false, 
                        "changed_by_fk": 1, 
                        "force_ctas_schema": "", 
                        "allow_run_async": false, 
                        "created_by_fk": 1, 
                        "verbose_name": null, 
                        "id": 2, 
                        "changed_on": {
                            "__datetime__": "2018-05-14T16:02:16"
                        }
                    }
                }, 
                "database_id": 2, 
                "table_name": "device_info"
            }
        }, 
        {
            "__DruidDatasource__": {
                "metrics": [
                    {
                        "__DruidMetric__": {
                            "datasource_id": 3, 
                            "description": null, 
                            "d3format": null, 
                            "json": "{\"type\": \"count\", \"name\": \"count\"}", 
                            "warning_text": null, 
                            "created_on": {
                                "__datetime__": "2018-05-02T09:05:37"
                            }, 
                            "changed_by_fk": 1, 
                            "metric_type": "count", 
                            "is_restricted": false, 
                            "created_by_fk": 1, 
                            "verbose_name": "COUNT(*)", 
                            "id": 2, 
                            "changed_on": {
                                "__datetime__": "2018-05-02T09:05:37"
                            }, 
                            "metric_name": "count"
                        }
                    }, 
                    {
                        "__DruidMetric__": {
                            "datasource_id": 3, 
                            "description": null, 
                            "d3format": null, 
                            "json": "{\"fieldName\": \"data\", \"type\": \"doubleMax\", \"name\": \"max__data\"}", 
                            "warning_text": null, 
                            "created_on": {
                                "__datetime__": "2018-05-02T09:07:15"
                            }, 
                            "changed_by_fk": 1, 
                            "metric_type": "max", 
                            "is_restricted": false, 
                            "created_by_fk": 1, 
                            "verbose_name": "MAX(data)", 
                            "id": 6, 
                            "changed_on": {
                                "__datetime__": "2018-05-02T09:07:15"
                            }, 
                            "metric_name": "max__data"
                        }
                    }, 
                    {
                        "__DruidMetric__": {
                            "datasource_id": 3, 
                            "description": null, 
                            "d3format": null, 
                            "json": "{\"fieldName\": \"data\", \"type\": \"doubleSum\", \"name\": \"sum__data\"}", 
                            "warning_text": null, 
                            "created_on": {
                                "__datetime__": "2018-05-02T09:07:20"
                            }, 
                            "changed_by_fk": 1, 
                            "metric_type": "sum", 
                            "is_restricted": false, 
                            "created_by_fk": 1, 
                            "verbose_name": "SUM(data)", 
                            "id": 7, 
                            "changed_on": {
                                "__datetime__": "2018-05-02T09:07:20"
                            }, 
                            "metric_name": "sum__data"
                        }
                    }
                ], 
                "is_featured": false, 
                "created_by_fk": 1, 
                "user_id": null, 
                "description": "", 
                "default_endpoint": "", 
                "offset": 8, 
                "fetch_values_from": "", 
                "perm": "[cluster].[useEng](id:3)", 
                "cluster_name": "cluster", 
                "cluster": {
                    "__DruidCluster__": {
                        "cache_timeout": 5000, 
                        "coordinator_port": 8081, 
                        "broker_port": 8082, 
                        "broker_endpoint": "druid/v2", 
                        "broker_host": "127.0.0.1", 
                        "cluster_name": "cluster", 
                        "created_on": {
                            "__datetime__": "2018-05-02T08:24:56"
                        }, 
                        "metadata_last_refreshed": {
                            "__datetime__": "2018-05-16T15:42:51"
                        }, 
                        "coordinator_endpoint": "druid/coordinator/v1/metadata", 
                        "changed_by_fk": 1, 
                        "created_by_fk": 1, 
                        "verbose_name": "druid", 
                        "id": 1, 
                        "changed_on": {
                            "__datetime__": "2018-05-16T15:42:51"
                        }, 
                        "coordinator_host": "127.0.0.1"
                    }
                }, 
                "created_on": {
                    "__datetime__": "2018-05-02T09:05:37"
                }, 
                "params": "{\"database_name\": \"druid\", \"remote_id\": 3}", 
                "columns": [
                    {
                        "__DruidColumn__": {
                            "created_by_fk": 1, 
                            "datasource_id": 3, 
                            "description": null, 
                            "dimension_spec_json": null, 
                            "min": false, 
                            "filterable": true, 
                            "max": false, 
                            "sum": false, 
                            "is_active": true, 
                            "id": 6, 
                            "created_on": {
                                "__datetime__": "2018-05-02T09:05:37"
                            }, 
                            "changed_on": {
                                "__datetime__": "2018-05-02T09:05:37"
                            }, 
                            "changed_by_fk": 1, 
                            "avg": false, 
                            "verbose_name": null, 
                            "type": "STRING", 
                            "groupby": true, 
                            "count_distinct": false, 
                            "column_name": "type"
                        }
                    }, 
                    {
                        "__DruidColumn__": {
                            "created_by_fk": 1, 
                            "datasource_id": 3, 
                            "description": null, 
                            "dimension_spec_json": null, 
                            "min": false, 
                            "filterable": false, 
                            "max": false, 
                            "sum": true, 
                            "is_active": true, 
                            "id": 7, 
                            "created_on": {
                                "__datetime__": "2018-05-02T09:05:37"
                            }, 
                            "changed_on": {
                                "__datetime__": "2018-05-02T09:07:20"
                            }, 
                            "changed_by_fk": 1, 
                            "avg": false, 
                            "verbose_name": null, 
                            "type": "FLOAT", 
                            "groupby": false, 
                            "count_distinct": false, 
                            "column_name": "data"
                        }
                    }
                ], 
                "filter_select_enabled": false, 
                "changed_by_fk": 1, 
                "datasource_name": "useEng", 
                "is_hidden": false, 
                "cache_timeout": null, 
                "id": 3, 
                "changed_on": {
                    "__datetime__": "2018-05-04T15:59:56"
                }
            }
        }
    ]
}