<?xml version="1.0" encoding="UTF-8" ?>
<Configuration status="WARN">
    <Properties>
         <Property name="baseDir">logs</Property>
    </Properties>
    <Appenders>
        <Console name="Console" target="SYSTEM_OUT">
            <PatternLayout pattern="%d{ISO8601} %p [%t] %c - %m%n"/>
        </Console>
        <RollingRandomAccessFile name="RollingRandomAccessFile" fileName="${baseDir}/druid.log" filePattern="${baseDir}/$${date:yyyy-MM}/druid-%d{yyyy-MM-dd}-%i.log">
            <PatternLayout pattern="%d{HH:mm:ss.SSS} [%t] %-5level %logger{36} - %msg%n"/>
            <Policies>
                <TimeBasedTriggeringPolicy interval="1"/>
                <SizeBasedTriggeringPolicy size="10 MB"/>
            </Policies>
            <DefaultRolloverStrategy max="50"/>
        </RollingRandomAccessFile>

    </Appenders>
    <Loggers>
        <Root level="info">
            <AppenderRef ref="RollingRandomAccessFile"/>
        </Root>
    </Loggers>
</Configuration>
